Title,Author,Format-Year
Real-World Spanish: The Conversation Learning System,Camila Vega Rivera,eAudiobook-2025
Learning Spanish-beginner I,"Iris Acevedo A.; Spanishonline, Costarica",eBook-2025
100 Facts About Learning Spanish,Science-Based Language Learning Lab,eAudiobook-2024
100 Facts About Learning Spanish,Science-Based Language Learning Lab,eBook-2024
A Beginner's Guide to Learning Spanish,"Miller, Jackson",eAudiobook-2024
No Tears Spanish Grammar: Easy Learning: Essential Rules for Beginners,"Bennett, Olivia",eBook-2024
The Ultimate Learning Spanish Blueprint - 10 Essential Steps,"Ramirez, Andres",eBook-2024
Guess What Baby J Is Learning? 123's Spanish,"Sharif, Mboya",eBook-2023
Learning Spanish for Adults Beginner,"World, Spain",eBook-2023
Learning to Read in English and Spanish Made Easy,"Navarijo, Susie G.",eBook-2022
Learn Spanish Like a Native for Beginners - Level 1: Learning Spanish in Your Car Has Never Been Eas,Learn Like a Native,eBook-2021
Spanish for Beginners: A Comprehensive Guide for Learning the Spanish Language Fast,Language Equipped Travelers,eBook-2021
Learn Spanish Like a Native for Beginners - Level 2: Learning Spanish in Your Car Has Never Been Eas,Learn Like a Native,eBook-2021
"Spanish: Beginner's Step by Step Course to Quickly Learning the Spanish Language, Spanish Grammar &","Michaels, Steven J.",eBook-2021
I'm Learning Spanish,"Gardner, James M.",eAudiobook-2020
I am learning Spanish,"Gardner, James M.",eAudiobook-2018
The Best Spanish Learning Games for Children,"Professor, Baby",eBook-2017
Easy Learning Spanish Vocabulary,"Dictionaries, Collins",eBook-2016
Easy Learning Spanish Grammar: Trusted support for learning,Various Authors,eBook-2016
Easy Learning Spanish Verbs,Various Authors,eBook-2016
Spanish Easy Learning Complete Course,"Carmen García del Río; Fitzsimons, Ronan",eAudiobook-2016
Easy Learning Spanish Conversation,Various Authors,eBook-2015
Learning the Local Language: Your Guide to Real World Spanish,"Romey, Jared",eBook-2013
Easy Learning Spanish Idioms,"Dictionaries, Collins",eBook-2011
Advanced Work with Commands,,Streaming Video-2017
The Conditional Tense,,Streaming Video-2017
Past Participles as Adjectives and Nouns,,Streaming Video-2017
Using Se to Talk about Unplanned Events,,Streaming Video-2017
The Future Tense,,Streaming Video-2017
Expressing Influence with the Subjunctive,,Streaming Video-2017
Relative Adverbs and Relative Pronouns,,Streaming Video-2017
Uses of the Infinitive,,Streaming Video-2017
Advanced Work with the Preterite Tense,,Streaming Video-2017
Expressing Emotion with the Subjunctive,,Streaming Video-2017
Expressing Doubt with the Subjunctive,,Streaming Video-2017
Health and Well-Being in Spanish,,Streaming Video-2017
Mastering the Uses of Estar and Ser,,Streaming Video-2017
Cognates and False Cognates,,Streaming Video-2017
Mastering Direct and Double Object Pronouns,,Streaming Video-2017
How to Expand Your Spanish Vocabulary,,Streaming Video-2017
How to Use Para and Por,,Streaming Video-2017
Introduction to the Imperfect Tense,,Streaming Video-2017
Essentials for Success with Spanish,,Streaming Video-2017
The Present Perfect Tense,,Streaming Video-2017
Next Steps toward Spanish Fluency,,Streaming Video-2017
Advanced Work with Adverbs and Adjectives,,Streaming Video-2017
Introduction to the Subjunctive Mood,,Streaming Video-2017
The Present Tense and Prepositions,,Streaming Video-2017
When to Use the Imperfect and the Preterite,,Streaming Video-2017
Indirect Objects and Verbs like Gustar,,Streaming Video-2017
Expressing Possession in Spanish,,Streaming Video-2017
Mastering the Imperfect and the Preterite,,Streaming Video-2017
Spanish Pronunciation and Reciprocal Verbs,,Streaming Video-2017
The Evolution of the Spanish Language,,Streaming Video-2017
Indefinite Articles and Numbers to 100,,Streaming Video-2015
Talking about the Past: ¿Desde Cuándo…?,,Streaming Video-2015
Expressions Using the Verb Tener,,Streaming Video-2015
Regular -er and -ir Verbs in the Preterite,,Streaming Video-2015
"Ver, Dar, and Other Irregular Verbs",,Streaming Video-2015
Formal Commands and Unequal Comparisons,,Streaming Video-2015
